coder,tca_action_id,nexus_option_id,strength
Coder A,TCA5-A01,B01,primary
Coder A,TCA5-A01,B03; C11,secondary
Coder A,TCA5-A01,B08,secondary
Coder A,TCA5-A01,B10,primary
Coder A,TCA5-A01,B11,primary
Coder A,TCA5-A01,B14,primary
Coder A,TCA5-A01,C04,secondary
Coder A,TCA5-A01,C13,secondary
Coder A,TCA5-A01,F01,primary
Coder A,TCA5-A01,F14,secondary
Coder A,TCA5-A01,F15,primary
Coder A,TCA5-A01,F16,secondary
Coder A,TCA5-A01,H01,primary
Coder A,TCA5-A01,H02,secondary
Coder A,TCA5-A01,H05,primary
Coder A,TCA5-A01,H08,secondary
Coder A,TCA5-A01,H10,secondary
Coder A,TCA5-A01,W07,primary
Coder A,TCA5-A02,B01,primary
Coder A,TCA5-A02,B10,primary
Coder A,TCA5-A02,B11,primary
Coder A,TCA5-A02,B13,secondary
Coder A,TCA5-A02,C10,primary
Coder A,TCA5-A02,F01,secondary
Coder A,TCA5-A02,F13,primary
Coder A,TCA5-A02,F16,secondary
Coder A,TCA5-A02,H14,secondary
Coder A,TCA5-A02,W07,primary
Coder A,TCA5-A02,W10,secondary
Coder A,TCA5-A03,B01,primary
Coder A,TCA5-A03,B02; C14,secondary
Coder A,TCA5-A03,B03; C11,secondary
Coder A,TCA5-A03,B04,primary
Coder A,TCA5-A03,B08,secondary
Coder A,TCA5-A03,B10,primary
Coder A,TCA5-A03,B12,secondary
Coder A,TCA5-A03,F16,secondary
Coder A,TCA5-A03,H10,secondary
Coder A,TCA5-A03,W06,primary
Coder A,TCA5-A03,W07,primary
Coder A,TCA5-A03,W08,secondary
Coder A,TCA5-A04,B01,secondary
Coder A,TCA5-A04,B03; C11,primary
Coder A,TCA5-A04,B05,primary
Coder A,TCA5-A04,B06,primary
Coder A,TCA5-A04,B07,primary
Coder A,TCA5-A04,B08,primary
Coder A,TCA5-A04,B10,secondary
Coder A,TCA5-A04,B11,secondary
Coder A,TCA5-A04,C01,primary
Coder A,TCA5-A04,C03,primary
Coder A,TCA5-A04,C04,primary
Coder A,TCA5-A04,C07,secondary
Coder A,TCA5-A04,C12,primary
Coder A,TCA5-A04,C13,primary
Coder A,TCA5-A04,F02,primary
Coder A,TCA5-A04,F03; C02,secondary
Coder A,TCA5-A04,F04,primary
Coder A,TCA5-A04,F05,primary
Coder A,TCA5-A04,F06,primary
Coder A,TCA5-A04,F10,secondary
Coder A,TCA5-A04,F11; C15,secondary
Coder A,TCA5-A04,F14,secondary
Coder A,TCA5-A04,F15,primary
Coder A,TCA5-A04,F16,secondary
Coder A,TCA5-A04,H04,secondary
Coder A,TCA5-A04,H06,secondary
Coder A,TCA5-A04,W04,primary
Coder A,TCA5-A04,W05,secondary
Coder A,TCA5-A04,W11,secondary
Coder A,TCA5-A05,B01,primary
Coder A,TCA5-A05,B03; C11,primary
Coder A,TCA5-A05,B04,primary
Coder A,TCA5-A05,B05,primary
Coder A,TCA5-A05,B06,secondary
Coder A,TCA5-A05,B07,secondary
Coder A,TCA5-A05,B08,secondary
Coder A,TCA5-A05,B11,secondary
Coder A,TCA5-A05,C04,secondary
Coder A,TCA5-A05,C13,secondary
Coder A,TCA5-A05,F02,secondary
Coder A,TCA5-A05,F12,primary
Coder A,TCA5-A05,F14,secondary
Coder A,TCA5-A05,H08,secondary
Coder A,TCA5-A05,H09,primary
Coder A,TCA5-A05,H12,primary
Coder A,TCA5-A05,W02,primary
Coder A,TCA5-A05,W08,secondary
Coder A,TCA5-A05,W13,primary
Coder A,TCA5-A05,W15,secondary
Coder A,TCA5-A06,B01,primary
Coder A,TCA5-A06,B03; C11,secondary
Coder A,TCA5-A06,B05,secondary
Coder A,TCA5-A06,B10,secondary
Coder A,TCA5-A06,B11,primary
Coder A,TCA5-A06,C03,secondary
Coder A,TCA5-A06,C12,secondary
Coder A,TCA5-A06,F01,primary
Coder A,TCA5-A06,F03; C02,primary
Coder A,TCA5-A06,F04,secondary
Coder A,TCA5-A06,F05,secondary
Coder A,TCA5-A06,F06,secondary
Coder A,TCA5-A06,F15,secondary
Coder A,TCA5-A06,F16,secondary
Coder A,TCA5-A06,H04,primary
Coder A,TCA5-A06,H06,secondary
Coder A,TCA5-A06,H10,secondary
Coder A,TCA5-A06,H15,secondary
Coder A,TCA5-A06,W05,primary
Coder A,TCA5-A06,W07,secondary
Coder A,TCA5-A06,W11,secondary
Coder A,TCA5-A07,B01,secondary
Coder A,TCA5-A07,B02; C14,primary
Coder A,TCA5-A07,B03; C11,secondary
Coder A,TCA5-A07,B07,secondary
Coder A,TCA5-A07,B08,secondary
Coder A,TCA5-A07,B11,secondary
Coder A,TCA5-A07,B14,secondary
Coder A,TCA5-A07,C03,secondary
Coder A,TCA5-A07,C05,primary
Coder A,TCA5-A07,C06,primary
Coder A,TCA5-A07,C07,secondary
Coder A,TCA5-A07,C08,secondary
Coder A,TCA5-A07,C09,secondary
Coder A,TCA5-A07,C10,primary
Coder A,TCA5-A07,F01,secondary
Coder A,TCA5-A07,F03; C02,primary
Coder A,TCA5-A07,F04,primary
Coder A,TCA5-A07,F05,primary
Coder A,TCA5-A07,F06,primary
Coder A,TCA5-A07,F07,secondary
Coder A,TCA5-A07,F08,secondary
Coder A,TCA5-A07,F09,secondary
Coder A,TCA5-A07,F10,primary
Coder A,TCA5-A07,H03,primary
Coder A,TCA5-A07,H07,secondary
Coder A,TCA5-A07,H09,primary
Coder A,TCA5-A07,H11,secondary
Coder A,TCA5-A07,W02,secondary
Coder A,TCA5-A07,W03,secondary
Coder A,TCA5-A07,W04,primary
Coder A,TCA5-A07,W12,secondary
Coder A,TCA5-A08,B01,secondary
Coder A,TCA5-A08,B02; C14,secondary
Coder A,TCA5-A08,B03; C11,primary
Coder A,TCA5-A08,B08,secondary
Coder A,TCA5-A08,B09,secondary
Coder A,TCA5-A08,B10,primary
Coder A,TCA5-A08,B11,primary
Coder A,TCA5-A08,B12,secondary
Coder A,TCA5-A08,B13,primary
Coder A,TCA5-A08,C07,primary
Coder A,TCA5-A08,C08,secondary
Coder A,TCA5-A08,C10,primary
Coder A,TCA5-A08,C13,secondary
Coder A,TCA5-A08,F02,secondary
Coder A,TCA5-A08,F03; C02,primary
Coder A,TCA5-A08,F13,primary
Coder A,TCA5-A08,F15,secondary
Coder A,TCA5-A08,F16,secondary
Coder A,TCA5-A08,H01,secondary
Coder A,TCA5-A08,H07,secondary
Coder A,TCA5-A08,H11,secondary
Coder A,TCA5-A08,W07,secondary
Coder A,TCA5-A08,W08,primary
Coder A,TCA5-A08,W09,secondary
Coder A,TCA5-A08,W10,primary
Coder A,TCA5-A08,W15,secondary
Coder A,TCA5-A09,B02; C14,secondary
Coder A,TCA5-A09,B03; C11,primary
Coder A,TCA5-A09,B08,secondary
Coder A,TCA5-A09,B10,primary
Coder A,TCA5-A09,B11,primary
Coder A,TCA5-A09,B14,secondary
Coder A,TCA5-A09,F10,secondary
Coder A,TCA5-A09,F14,secondary
Coder A,TCA5-A09,F15,primary
Coder A,TCA5-A09,F16,secondary
Coder A,TCA5-A09,H02,secondary
Coder A,TCA5-A09,H04,primary
Coder A,TCA5-A09,H06,secondary
Coder A,TCA5-A09,W01,secondary
Coder A,TCA5-A09,W06,secondary
Coder A,TCA5-A09,W07,primary
Coder A,TCA5-A09,W14,primary
Coder A,TCA5-A10,B08,secondary
Coder A,TCA5-A10,B11,secondary
Coder A,TCA5-A10,B13,primary
Coder A,TCA5-A10,C07,primary
Coder A,TCA5-A10,C08,secondary
Coder A,TCA5-A10,C10,primary
Coder A,TCA5-A10,F03; C02,primary
Coder A,TCA5-A10,F13,primary
Coder A,TCA5-A10,W07,secondary
Coder A,TCA5-A10,W10,primary
Coder A,TCA5-A11,B02; C14,secondary
Coder A,TCA5-A11,B03; C11,primary
Coder A,TCA5-A11,B04,secondary
Coder A,TCA5-A11,B10,primary
Coder A,TCA5-A11,B14,primary
Coder A,TCA5-A11,C07,primary
Coder A,TCA5-A11,C08,secondary
Coder A,TCA5-A11,C10,secondary
Coder A,TCA5-A11,F03; C02,primary
Coder A,TCA5-A11,F11; C15,primary
Coder A,TCA5-A11,F13,primary
Coder A,TCA5-A11,F16,primary
Coder A,TCA5-A11,H01,primary
Coder A,TCA5-A11,H02,primary
Coder A,TCA5-A11,H03,secondary
Coder A,TCA5-A11,H04,secondary
Coder A,TCA5-A11,H05,secondary
Coder A,TCA5-A11,H06,secondary
Coder A,TCA5-A11,H09,primary
Coder A,TCA5-A11,H14,primary
Coder A,TCA5-A11,H15,secondary
Coder A,TCA5-A11,W01,secondary
Coder A,TCA5-A11,W06,secondary
Coder A,TCA5-A11,W07,secondary
Coder A,TCA5-A11,W11,primary
Coder A,TCA5-A12,B13,primary
Coder A,TCA5-A12,C10,primary
Coder A,TCA5-A12,F10,secondary
Coder A,TCA5-A12,F13,primary
Coder A,TCA5-A12,W10,primary
Coder A,TCA5-A13,B01,secondary
Coder A,TCA5-A13,B03; C11,secondary
Coder A,TCA5-A13,B09,secondary
Coder A,TCA5-A13,B10,primary
Coder A,TCA5-A13,B11,secondary
Coder A,TCA5-A13,B12,secondary
Coder A,TCA5-A13,B13,primary
Coder A,TCA5-A13,B14,primary
Coder A,TCA5-A13,C07,primary
Coder A,TCA5-A13,C10,primary
Coder A,TCA5-A13,F01,secondary
Coder A,TCA5-A13,F03; C02,secondary
Coder A,TCA5-A13,F10,secondary
Coder A,TCA5-A13,F11; C15,secondary
Coder A,TCA5-A13,F13,secondary
Coder A,TCA5-A13,W02,secondary
Coder A,TCA5-A13,W04,secondary
Coder A,TCA5-A14,B02; C14,primary
Coder A,TCA5-A14,B03; C11,secondary
Coder A,TCA5-A14,B10,primary
Coder A,TCA5-A14,B11,primary
Coder A,TCA5-A14,B13,primary
Coder A,TCA5-A14,B14,secondary
Coder A,TCA5-A14,C07,secondary
Coder A,TCA5-A14,C10,primary
Coder A,TCA5-A14,F12,secondary
Coder A,TCA5-A14,F13,primary
Coder A,TCA5-A14,F16,secondary
Coder A,TCA5-A14,H09,secondary
Coder A,TCA5-A14,H12,secondary
Coder A,TCA5-A14,W02,secondary
Coder A,TCA5-A14,W06,secondary
Coder A,TCA5-A14,W07,primary
Coder A,TCA5-A14,W08,secondary
Coder A,TCA5-A15,B01,primary
Coder A,TCA5-A15,B02; C14,primary
Coder A,TCA5-A15,B03; C11,primary
Coder A,TCA5-A15,B04,secondary
Coder A,TCA5-A15,B09,primary
Coder A,TCA5-A15,B10,primary
Coder A,TCA5-A15,C12,secondary
Coder A,TCA5-A15,F10,primary
Coder A,TCA5-A15,F14,primary
Coder A,TCA5-A15,F15,primary
Coder A,TCA5-A15,F16,primary
Coder A,TCA5-A15,H09,primary
Coder A,TCA5-A15,W06,primary
Coder A,TCA5-A16,B10,primary
Coder A,TCA5-A16,B11,primary
Coder A,TCA5-A16,B14,secondary
Coder A,TCA5-A16,C10,primary
Coder A,TCA5-A16,W08,primary
Coder A,TCA5-A17,B02; C14,primary
Coder A,TCA5-A17,B10,primary
Coder A,TCA5-A17,B14,primary
Coder A,TCA5-A17,F14,secondary
Coder A,TCA5-A17,F15,primary
Coder A,TCA5-A17,H15,secondary
Coder A,TCA5-A18,B03; C11,primary
Coder A,TCA5-A18,B06,secondary
Coder A,TCA5-A18,B08,primary
Coder A,TCA5-A18,B09,primary
Coder A,TCA5-A18,B11,secondary
Coder A,TCA5-A18,B14,primary
Coder A,TCA5-A18,C10,secondary
Coder A,TCA5-A18,F11; C15,primary
Coder A,TCA5-A18,F14,primary
Coder A,TCA5-A18,F15,primary
Coder A,TCA5-A18,F16,primary
Coder A,TCA5-A18,H05,secondary
Coder A,TCA5-A18,H15,secondary
Coder A,TCA5-A19,B01,secondary
Coder A,TCA5-A19,B10,primary
Coder A,TCA5-A19,B11,secondary
Coder A,TCA5-A19,B14,primary
Coder A,TCA5-A19,F15,primary
Coder A,TCA5-A19,H02,secondary
Coder A,TCA5-A19,H05,secondary
Coder A,TCA5-A19,H15,secondary
Coder A,TCA5-A19,W07,primary
Coder A,TCA5-A19,W08,secondary
Coder A,TCA5-A19,W14,primary
Coder A,TCA5-A20,B03; C11,primary
Coder A,TCA5-A20,B10,primary
Coder A,TCA5-A20,B11,secondary
Coder A,TCA5-A20,B14,primary
Coder A,TCA5-A20,C07,primary
Coder A,TCA5-A20,C10,primary
Coder A,TCA5-A20,F01,primary
Coder A,TCA5-A20,F03; C02,primary
Coder A,TCA5-A20,F07,secondary
Coder A,TCA5-A20,F08,secondary
Coder A,TCA5-A20,F09,secondary
Coder A,TCA5-A20,F10,primary
Coder A,TCA5-A20,F11; C15,primary
Coder A,TCA5-A20,F13,primary
Coder A,TCA5-A20,F14,secondary
Coder A,TCA5-A20,H05,secondary
Coder A,TCA5-A20,H06,primary
Coder A,TCA5-A20,H07,secondary
Coder A,TCA5-A20,W07,primary
Coder A,TCA5-A21,B03; C11,primary
Coder A,TCA5-A21,B09,secondary
Coder A,TCA5-A21,B10,primary
Coder A,TCA5-A21,B14,primary
Coder A,TCA5-A21,C10,primary
Coder A,TCA5-A21,F14,primary
Coder A,TCA5-A21,F15,primary
Coder A,TCA5-A21,H05,secondary
Coder A,TCA5-A21,H15,secondary
Coder A,TCA5-A21,W01,primary
Coder A,TCA5-A22,B01,secondary
Coder A,TCA5-A22,B03; C11,primary
Coder A,TCA5-A22,B09,secondary
Coder A,TCA5-A22,B10,primary
Coder A,TCA5-A22,B14,primary
Coder A,TCA5-A22,F15,primary
Coder A,TCA5-A22,F16,primary
Coder A,TCA5-A22,H04,primary
Coder A,TCA5-A22,H14,primary
Coder A,TCA5-A22,W07,primary
Coder E,TCA5-A01,B01,secondary
Coder E,TCA5-A01,F16,primary
Coder E,TCA5-A02,B10,primary
Coder E,TCA5-A02,W07,primary
Coder E,TCA5-A03,B01,primary
Coder E,TCA5-A03,B03; C11,secondary
Coder E,TCA5-A03,B14,primary
Coder E,TCA5-A03,H10,secondary
Coder E,TCA5-A03,W05,secondary
Coder E,TCA5-A03,W11,secondary
Coder E,TCA5-A04,B03; C11,primary
Coder E,TCA5-A04,B05,secondary
Coder E,TCA5-A04,B06,secondary
Coder E,TCA5-A04,B07,secondary
Coder E,TCA5-A04,B08,secondary
Coder E,TCA5-A04,C01,primary
Coder E,TCA5-A04,C03,primary
Coder E,TCA5-A04,C04,secondary
Coder E,TCA5-A04,C12,primary
Coder E,TCA5-A04,C13,secondary
Coder E,TCA5-A04,F02,secondary
Coder E,TCA5-A04,F04,secondary
Coder E,TCA5-A04,F05,secondary
Coder E,TCA5-A04,F06,secondary
Coder E,TCA5-A04,H08,secondary
Coder E,TCA5-A04,W04,primary
Coder E,TCA5-A04,W05,primary
Coder E,TCA5-A04,W11,primary
Coder E,TCA5-A05,B04,primary
Coder E,TCA5-A05,B09,primary
Coder E,TCA5-A05,B12,primary
Coder E,TCA5-A05,C09,primary
Coder E,TCA5-A05,F12,primary
Coder E,TCA5-A05,H09,primary
Coder E,TCA5-A05,H12,primary
Coder E,TCA5-A05,W02,primary
Coder E,TCA5-A06,C08,primary
Coder E,TCA5-A06,F03; C02,primary
Coder E,TCA5-A06,F04,primary
Coder E,TCA5-A06,F05,primary
Coder E,TCA5-A06,F06,primary
Coder E,TCA5-A06,F07,primary
Coder E,TCA5-A06,F08,primary
Coder E,TCA5-A06,F09,primary
Coder E,TCA5-A06,H06,primary
Coder E,TCA5-A06,H07,primary
Coder E,TCA5-A06,W04,primary
Coder E,TCA5-A06,W05,primary
Coder E,TCA5-A06,W12,primary
Coder E,TCA5-A07,C05,primary
Coder E,TCA5-A07,C06,primary
Coder E,TCA5-A07,F03; C02,primary
Coder E,TCA5-A07,F04,primary
Coder E,TCA5-A07,F05,primary
Coder E,TCA5-A07,F06,primary
Coder E,TCA5-A07,H09,primary
Coder E,TCA5-A08,B13,primary
Coder E,TCA5-A08,C07,primary
Coder E,TCA5-A08,C10,primary
Coder E,TCA5-A08,F03; C02,secondary
Coder E,TCA5-A08,F13,primary
Coder E,TCA5-A08,W10,primary
Coder E,TCA5-A09,B03; C11,secondary
Coder E,TCA5-A09,F16,secondary
Coder E,TCA5-A09,W15,secondary
Coder E,TCA5-A10,B13,primary
Coder E,TCA5-A10,C07,primary
Coder E,TCA5-A10,C10,secondary
Coder E,TCA5-A10,F03; C02,primary
Coder E,TCA5-A10,F13,secondary
Coder E,TCA5-A10,W05,primary
Coder E,TCA5-A10,W10,primary
Coder E,TCA5-A11,B02; C14,primary
Coder E,TCA5-A11,B03; C11,primary
Coder E,TCA5-A11,B04,primary
Coder E,TCA5-A11,B05,secondary
Coder E,TCA5-A11,B06,secondary
Coder E,TCA5-A11,B07,secondary
Coder E,TCA5-A11,C04,secondary
Coder E,TCA5-A11,C07,primary
Coder E,TCA5-A11,C13,secondary
Coder E,TCA5-A11,F02,secondary
Coder E,TCA5-A11,F03; C02,primary
Coder E,TCA5-A11,F04,secondary
Coder E,TCA5-A11,F05,secondary
Coder E,TCA5-A11,F06,secondary
Coder E,TCA5-A11,F11; C15,secondary
Coder E,TCA5-A11,H04,secondary
Coder E,TCA5-A11,H06,secondary
Coder E,TCA5-A11,H08,secondary
Coder E,TCA5-A11,W04,secondary
Coder E,TCA5-A11,W05,primary
Coder E,TCA5-A11,W11,secondary
Coder E,TCA5-A12,C10,primary
Coder E,TCA5-A12,F13,primary
Coder E,TCA5-A12,W10,primary
Coder E,TCA5-A13,B11,secondary
Coder E,TCA5-A13,B13,secondary
Coder E,TCA5-A14,B11,primary
Coder E,TCA5-A15,B14,secondary
Coder E,TCA5-A15,W15,secondary
Coder E,TCA5-A16,B11,primary
Coder E,TCA5-A18,B02; C14,secondary
Coder E,TCA5-A18,B04,secondary
Coder E,TCA5-A18,B14,primary
Coder E,TCA5-A18,F16,secondary
Coder E,TCA5-A20,C05,primary
Coder E,TCA5-A20,C06,primary
Coder E,TCA5-A20,F10,primary
Coder E,TCA5-A20,F11; C15,primary
Coder E,TCA5-A20,H04,primary
Coder E,TCA5-A20,H06,primary
Coder E,TCA5-A21,H15,secondary
Coder E,TCA5-A22,W15,secondary
Coder F,TCA5-A01,B10,primary
Coder F,TCA5-A01,F16,secondary
Coder F,TCA5-A02,B10,secondary
Coder F,TCA5-A02,W07,primary
Coder F,TCA5-A03,B14,primary
Coder F,TCA5-A03,F15,secondary
Coder F,TCA5-A04,B03; C11,primary
Coder F,TCA5-A04,C04,secondary
Coder F,TCA5-A05,B02; C14,secondary
Coder F,TCA5-A05,B09,primary
Coder F,TCA5-A06,F06,secondary
Coder F,TCA5-A06,W05,primary
Coder F,TCA5-A07,C10,secondary
Coder F,TCA5-A07,F03; C02,primary
Coder F,TCA5-A08,C10,primary
Coder F,TCA5-A08,F13,secondary
Coder F,TCA5-A09,B14,secondary
Coder F,TCA5-A09,H15,primary
Coder F,TCA5-A10,B13,primary
Coder F,TCA5-A10,W10,secondary
Coder F,TCA5-A11,F11; C15,secondary
Coder F,TCA5-A11,F13,primary
Coder F,TCA5-A12,C10,primary
Coder F,TCA5-A12,F13,secondary
Coder F,TCA5-A13,B13,primary
Coder F,TCA5-A13,H13,secondary
Coder F,TCA5-A14,B09,primary
Coder F,TCA5-A14,H14,secondary
Coder F,TCA5-A15,F16,primary
Coder F,TCA5-A15,W06,secondary
Coder F,TCA5-A16,B11,primary
Coder F,TCA5-A16,C10,secondary
Coder F,TCA5-A17,B14,primary
Coder F,TCA5-A17,H15,secondary
Coder F,TCA5-A18,B06,secondary
Coder F,TCA5-A18,B14,primary
Coder F,TCA5-A19,B14,primary
Coder F,TCA5-A19,W02,secondary
Coder F,TCA5-A20,F11; C15,primary
Coder F,TCA5-A20,H06,secondary
Coder F,TCA5-A21,B14,primary
Coder F,TCA5-A21,H15,secondary
Coder F,TCA5-A22,B04,secondary
Coder F,TCA5-A22,B14,primary
Coder G,TCA5-A01,B01,secondary
Coder G,TCA5-A01,B10,primary
Coder G,TCA5-A01,F15,primary
Coder G,TCA5-A01,F16,secondary
Coder G,TCA5-A02,B10,primary
Coder G,TCA5-A02,W07,primary
Coder G,TCA5-A03,B01,primary
Coder G,TCA5-A03,B14,primary
Coder G,TCA5-A03,F14,secondary
Coder G,TCA5-A03,W06,primary
Coder G,TCA5-A04,B03; C11,primary
Coder G,TCA5-A04,C01,primary
Coder G,TCA5-A04,C03,primary
Coder G,TCA5-A04,C12,primary
Coder G,TCA5-A04,F04,primary
Coder G,TCA5-A04,F05,primary
Coder G,TCA5-A04,F06,primary
Coder G,TCA5-A04,W04,primary
Coder G,TCA5-A04,W05,primary
Coder G,TCA5-A05,B09,primary
Coder G,TCA5-A05,B12,primary
Coder G,TCA5-A05,F12,secondary
Coder G,TCA5-A05,H12,primary
Coder G,TCA5-A05,W02,primary
Coder G,TCA5-A05,W08,primary
Coder G,TCA5-A05,W13,secondary
Coder G,TCA5-A06,C05,primary
Coder G,TCA5-A06,F07,primary
Coder G,TCA5-A06,F08,primary
Coder G,TCA5-A06,F09,primary
Coder G,TCA5-A06,H07,primary
Coder G,TCA5-A06,W12,primary
Coder G,TCA5-A07,B03; C11,secondary
Coder G,TCA5-A07,C05,primary
Coder G,TCA5-A07,C06,primary
Coder G,TCA5-A07,C07,secondary
Coder G,TCA5-A07,C09,secondary
Coder G,TCA5-A07,C10,primary
Coder G,TCA5-A07,F03; C02,primary
Coder G,TCA5-A07,F10,primary
Coder G,TCA5-A07,W04,primary
Coder G,TCA5-A07,W12,secondary
Coder G,TCA5-A08,B11,secondary
Coder G,TCA5-A08,B13,primary
Coder G,TCA5-A08,C10,primary
Coder G,TCA5-A08,F13,primary
Coder G,TCA5-A08,W10,primary
Coder G,TCA5-A09,B08,secondary
Coder G,TCA5-A09,B14,primary
Coder G,TCA5-A09,F10,secondary
Coder G,TCA5-A09,F11; C15,secondary
Coder G,TCA5-A09,F16,secondary
Coder G,TCA5-A09,H01,secondary
Coder G,TCA5-A09,H02,secondary
Coder G,TCA5-A09,H06,secondary
Coder G,TCA5-A09,W15,primary
Coder G,TCA5-A10,B13,primary
Coder G,TCA5-A10,C07,secondary
Coder G,TCA5-A10,C10,primary
Coder G,TCA5-A10,F13,primary
Coder G,TCA5-A10,W10,primary
Coder G,TCA5-A11,B02; C14,secondary
Coder G,TCA5-A11,B04,secondary
Coder G,TCA5-A11,B14,primary
Coder G,TCA5-A11,C07,secondary
Coder G,TCA5-A11,F11; C15,secondary
Coder G,TCA5-A11,H01,primary
Coder G,TCA5-A11,H02,primary
Coder G,TCA5-A11,H05,secondary
Coder G,TCA5-A11,H09,secondary
Coder G,TCA5-A11,H15,secondary
Coder G,TCA5-A12,B13,secondary
Coder G,TCA5-A12,C10,primary
Coder G,TCA5-A12,F13,primary
Coder G,TCA5-A12,W10,secondary
Coder G,TCA5-A13,B11,secondary
Coder G,TCA5-A13,B13,primary
Coder G,TCA5-A13,C10,primary
Coder G,TCA5-A13,F13,secondary
Coder G,TCA5-A14,B02; C14,primary
Coder G,TCA5-A14,B09,primary
Coder G,TCA5-A14,B10,secondary
Coder G,TCA5-A14,B11,primary
Coder G,TCA5-A14,B14,secondary
Coder G,TCA5-A14,F16,secondary
Coder G,TCA5-A14,H14,secondary
Coder G,TCA5-A14,W07,primary
Coder G,TCA5-A15,B10,secondary
Coder G,TCA5-A15,F14,secondary
Coder G,TCA5-A15,F16,primary
Coder G,TCA5-A15,H01,primary
Coder G,TCA5-A15,H02,secondary
Coder G,TCA5-A15,W06,primary
Coder G,TCA5-A15,W14,secondary
Coder G,TCA5-A16,B11,primary
Coder G,TCA5-A16,C10,secondary
Coder G,TCA5-A16,W08,primary
Coder G,TCA5-A17,B02; C14,secondary
Coder G,TCA5-A17,B03; C11,secondary
Coder G,TCA5-A17,B14,secondary
Coder G,TCA5-A17,H02,secondary
Coder G,TCA5-A17,H15,secondary
Coder G,TCA5-A17,W01,secondary
Coder G,TCA5-A18,B02; C14,secondary
Coder G,TCA5-A18,B14,primary
Coder G,TCA5-A18,F16,secondary
Coder G,TCA5-A18,H05,secondary
Coder G,TCA5-A19,B14,primary
Coder G,TCA5-A20,C05,secondary
Coder G,TCA5-A20,C06,secondary
Coder G,TCA5-A20,C07,primary
Coder G,TCA5-A20,F10,primary
Coder G,TCA5-A20,F11; C15,primary
Coder G,TCA5-A20,H04,secondary
Coder G,TCA5-A20,H06,primary
Coder G,TCA5-A21,B14,primary
Coder G,TCA5-A21,H15,primary
Coder G,TCA5-A21,W01,primary
Coder G,TCA5-A22,B03; C11,primary
Coder G,TCA5-A22,B09,primary
Coder G,TCA5-A22,B14,primary
Coder G,TCA5-A22,H02,secondary
Coder G,TCA5-A22,H14,primary
Coder G,TCA5-A22,H15,secondary
Coder G,TCA5-A22,W15,secondary
Coder I,TCA5-A01,B01,secondary
Coder I,TCA5-A01,B10,primary
Coder I,TCA5-A01,C12,secondary
Coder I,TCA5-A01,F14,secondary
Coder I,TCA5-A01,F15,secondary
Coder I,TCA5-A01,F16,secondary
Coder I,TCA5-A01,W07,secondary
Coder I,TCA5-A02,B10,primary
Coder I,TCA5-A02,W07,secondary
Coder I,TCA5-A03,B09,primary
Coder I,TCA5-A03,B10,secondary
Coder I,TCA5-A03,B13,secondary
Coder I,TCA5-A03,B14,secondary
Coder I,TCA5-A03,F14,secondary
Coder I,TCA5-A03,W07,secondary
Coder I,TCA5-A04,B03; C11,primary
Coder I,TCA5-A04,B05,secondary
Coder I,TCA5-A04,B06,secondary
Coder I,TCA5-A04,B07,secondary
Coder I,TCA5-A04,B14,secondary
Coder I,TCA5-A04,C04,secondary
Coder I,TCA5-A04,C12,secondary
Coder I,TCA5-A04,C13,secondary
Coder I,TCA5-A04,F03; C02,secondary
Coder I,TCA5-A04,H08,secondary
Coder I,TCA5-A05,B03; C11,secondary
Coder I,TCA5-A05,B04,secondary
Coder I,TCA5-A05,B09,primary
Coder I,TCA5-A05,F14,secondary
Coder I,TCA5-A05,H12,secondary
Coder I,TCA5-A05,W15,secondary
Coder I,TCA5-A06,C07,secondary
Coder I,TCA5-A06,C12,secondary
Coder I,TCA5-A06,F01,primary
Coder I,TCA5-A06,F05,secondary
Coder I,TCA5-A06,F06,secondary
Coder I,TCA5-A06,F16,secondary
Coder I,TCA5-A06,H04,primary
Coder I,TCA5-A06,W05,secondary
Coder I,TCA5-A07,B11,secondary
Coder I,TCA5-A07,B13,secondary
Coder I,TCA5-A07,C07,secondary
Coder I,TCA5-A07,C09,secondary
Coder I,TCA5-A07,C10,primary
Coder I,TCA5-A07,F03; C02,primary
Coder I,TCA5-A07,F04,secondary
Coder I,TCA5-A07,F05,secondary
Coder I,TCA5-A07,F06,secondary
Coder I,TCA5-A08,B10,secondary
Coder I,TCA5-A08,B11,secondary
Coder I,TCA5-A08,B13,primary
Coder I,TCA5-A08,C07,secondary
Coder I,TCA5-A08,C10,primary
Coder I,TCA5-A08,F13,primary
Coder I,TCA5-A08,W10,secondary
Coder I,TCA5-A09,B09,secondary
Coder I,TCA5-A09,B10,secondary
Coder I,TCA5-A09,B14,secondary
Coder I,TCA5-A09,F07,secondary
Coder I,TCA5-A09,F08,secondary
Coder I,TCA5-A09,F09,secondary
Coder I,TCA5-A09,F11; C15,secondary
Coder I,TCA5-A09,F13,secondary
Coder I,TCA5-A09,F14,secondary
Coder I,TCA5-A09,H02,secondary
Coder I,TCA5-A09,H06,secondary
Coder I,TCA5-A09,H07,secondary
Coder I,TCA5-A09,H15,secondary
Coder I,TCA5-A09,W01,secondary
Coder I,TCA5-A09,W06,secondary
Coder I,TCA5-A09,W07,secondary
Coder I,TCA5-A09,W15,primary
Coder I,TCA5-A10,B13,primary
Coder I,TCA5-A10,C10,secondary
Coder I,TCA5-A10,F13,secondary
Coder I,TCA5-A10,W10,secondary
Coder I,TCA5-A11,B04,secondary
Coder I,TCA5-A11,B11,secondary
Coder I,TCA5-A11,B14,primary
Coder I,TCA5-A11,F13,primary
Coder I,TCA5-A11,F14,secondary
Coder I,TCA5-A11,F15,secondary
Coder I,TCA5-A11,H01,primary
Coder I,TCA5-A11,H02,secondary
Coder I,TCA5-A11,H05,secondary
Coder I,TCA5-A11,W07,secondary
Coder I,TCA5-A11,W14,secondary
Coder I,TCA5-A12,B11,secondary
Coder I,TCA5-A12,B13,secondary
Coder I,TCA5-A12,C10,secondary
Coder I,TCA5-A12,F13,primary
Coder I,TCA5-A12,W10,secondary
Coder I,TCA5-A13,B10,primary
Coder I,TCA5-A13,B11,secondary
Coder I,TCA5-A13,B13,secondary
Coder I,TCA5-A13,B14,secondary
Coder I,TCA5-A13,H14,secondary
Coder I,TCA5-A14,B02; C14,secondary
Coder I,TCA5-A14,B04,secondary
Coder I,TCA5-A14,B10,secondary
Coder I,TCA5-A14,B13,secondary
Coder I,TCA5-A14,B14,secondary
Coder I,TCA5-A14,W07,primary
Coder I,TCA5-A15,B09,secondary
Coder I,TCA5-A15,B10,primary
Coder I,TCA5-A15,B11,secondary
Coder I,TCA5-A15,B13,secondary
Coder I,TCA5-A15,B14,secondary
Coder I,TCA5-A15,F14,secondary
Coder I,TCA5-A15,H12,secondary
Coder I,TCA5-A15,H14,secondary
Coder I,TCA5-A16,B10,secondary
Coder I,TCA5-A16,B11,primary
Coder I,TCA5-A16,C10,secondary
Coder I,TCA5-A17,B14,secondary
Coder I,TCA5-A17,F14,secondary
Coder I,TCA5-A17,F15,secondary
Coder I,TCA5-A17,H15,secondary
Coder I,TCA5-A17,W01,secondary
Coder I,TCA5-A17,W08,secondary
Coder I,TCA5-A18,B08,secondary
Coder I,TCA5-A18,B10,secondary
Coder I,TCA5-A18,B14,primary
Coder I,TCA5-A18,F16,secondary
Coder I,TCA5-A18,H02,secondary
Coder I,TCA5-A18,H05,secondary
Coder I,TCA5-A18,H12,secondary
Coder I,TCA5-A18,H15,secondary
Coder I,TCA5-A18,W07,secondary
Coder I,TCA5-A19,B14,primary
Coder I,TCA5-A19,F14,secondary
Coder I,TCA5-A19,F15,secondary
Coder I,TCA5-A19,H02,secondary
Coder I,TCA5-A19,H15,secondary
Coder I,TCA5-A19,W07,primary
Coder I,TCA5-A20,B03; C11,primary
Coder I,TCA5-A20,C12,secondary
Coder I,TCA5-A20,F04,secondary
Coder I,TCA5-A20,F05,secondary
Coder I,TCA5-A20,F06,secondary
Coder I,TCA5-A20,F07,secondary
Coder I,TCA5-A20,F08,secondary
Coder I,TCA5-A20,F09,secondary
Coder I,TCA5-A20,F10,primary
Coder I,TCA5-A20,F11; C15,primary
Coder I,TCA5-A20,H04,secondary
Coder I,TCA5-A20,H06,secondary
Coder I,TCA5-A20,H07,secondary
Coder I,TCA5-A20,W04,secondary
Coder I,TCA5-A20,W05,secondary
Coder I,TCA5-A21,B04,secondary
Coder I,TCA5-A21,B09,secondary
Coder I,TCA5-A21,B10,secondary
Coder I,TCA5-A21,B14,primary
Coder I,TCA5-A21,F14,secondary
Coder I,TCA5-A21,H15,secondary
Coder I,TCA5-A21,W01,primary
Coder I,TCA5-A21,W08,secondary
Coder I,TCA5-A22,B03; C11,primary
Coder I,TCA5-A22,B09,secondary
Coder I,TCA5-A22,B10,secondary
Coder I,TCA5-A22,B14,primary
Coder I,TCA5-A22,C12,secondary
Coder I,TCA5-A22,H12,secondary
Coder I,TCA5-A22,H13,secondary
Coder I,TCA5-A22,H14,secondary
Coder I,TCA5-A22,H15,secondary
Coder I,TCA5-A22,W06,secondary
Coder I,TCA5-A22,W15,secondary
Coder K,TCA5-A01,B01,primary
Coder K,TCA5-A01,B09,secondary
Coder K,TCA5-A01,B10,primary
Coder K,TCA5-A01,F15,primary
Coder K,TCA5-A01,F16,primary
Coder K,TCA5-A01,W07,secondary
Coder K,TCA5-A02,B10,primary
Coder K,TCA5-A02,W07,primary
Coder K,TCA5-A03,B01,primary
Coder K,TCA5-A03,B03; C11,secondary
Coder K,TCA5-A03,B10,secondary
Coder K,TCA5-A03,B13,secondary
Coder K,TCA5-A03,B14,primary
Coder K,TCA5-A03,C07,secondary
Coder K,TCA5-A03,F15,primary
Coder K,TCA5-A03,F16,secondary
Coder K,TCA5-A03,H10,secondary
Coder K,TCA5-A03,W05,secondary
Coder K,TCA5-A03,W06,secondary
Coder K,TCA5-A03,W07,secondary
Coder K,TCA5-A04,B03; C11,primary
Coder K,TCA5-A04,B05,primary
Coder K,TCA5-A04,B06,primary
Coder K,TCA5-A04,B07,primary
Coder K,TCA5-A04,B08,primary
Coder K,TCA5-A04,B10,primary
Coder K,TCA5-A04,B14,secondary
Coder K,TCA5-A04,C01,primary
Coder K,TCA5-A04,C03,primary
Coder K,TCA5-A04,C04,secondary
Coder K,TCA5-A04,C12,primary
Coder K,TCA5-A04,C13,secondary
Coder K,TCA5-A04,F01,primary
Coder K,TCA5-A04,F02,primary
Coder K,TCA5-A04,F03; C02,secondary
Coder K,TCA5-A04,F04,primary
Coder K,TCA5-A04,F05,primary
Coder K,TCA5-A04,F06,primary
Coder K,TCA5-A04,F10,secondary
Coder K,TCA5-A04,F12,secondary
Coder K,TCA5-A04,F15,primary
Coder K,TCA5-A04,F16,secondary
Coder K,TCA5-A04,H04,secondary
Coder K,TCA5-A04,H07,secondary
Coder K,TCA5-A04,H08,primary
Coder K,TCA5-A04,H10,secondary
Coder K,TCA5-A04,W04,primary
Coder K,TCA5-A04,W05,primary
Coder K,TCA5-A04,W11,secondary
Coder K,TCA5-A05,B02; C14,primary
Coder K,TCA5-A05,B04,primary
Coder K,TCA5-A05,B09,primary
Coder K,TCA5-A05,B12,primary
Coder K,TCA5-A05,C09,secondary
Coder K,TCA5-A05,F12,primary
Coder K,TCA5-A05,H09,primary
Coder K,TCA5-A05,H12,primary
Coder K,TCA5-A05,W02,primary
Coder K,TCA5-A05,W03,secondary
Coder K,TCA5-A05,W08,primary
Coder K,TCA5-A05,W09,primary
Coder K,TCA5-A05,W13,primary
Coder K,TCA5-A06,B01,secondary
Coder K,TCA5-A06,B11,primary
Coder K,TCA5-A06,C03,secondary
Coder K,TCA5-A06,C07,primary
Coder K,TCA5-A06,F04,secondary
Coder K,TCA5-A06,F05,secondary
Coder K,TCA5-A06,F06,secondary
Coder K,TCA5-A06,H04,primary
Coder K,TCA5-A06,H11,secondary
Coder K,TCA5-A06,W05,primary
Coder K,TCA5-A06,W07,secondary
Coder K,TCA5-A06,W11,secondary
Coder K,TCA5-A07,B02; C14,primary
Coder K,TCA5-A07,B03; C11,secondary
Coder K,TCA5-A07,B11,secondary
Coder K,TCA5-A07,C05,primary
Coder K,TCA5-A07,C06,primary
Coder K,TCA5-A07,C07,secondary
Coder K,TCA5-A07,C08,secondary
Coder K,TCA5-A07,C09,secondary
Coder K,TCA5-A07,C10,primary
Coder K,TCA5-A07,F03; C02,primary
Coder K,TCA5-A07,F04,primary
Coder K,TCA5-A07,F05,primary
Coder K,TCA5-A07,F06,primary
Coder K,TCA5-A07,F08,secondary
Coder K,TCA5-A07,F09,secondary
Coder K,TCA5-A07,F10,primary
Coder K,TCA5-A07,H03,secondary
Coder K,TCA5-A07,H07,secondary
Coder K,TCA5-A07,H13,secondary
Coder K,TCA5-A07,W02,secondary
Coder K,TCA5-A07,W04,primary
Coder K,TCA5-A07,W13,secondary
Coder K,TCA5-A07,W15,secondary
Coder K,TCA5-A08,B11,secondary
Coder K,TCA5-A08,B13,primary
Coder K,TCA5-A08,C10,primary
Coder K,TCA5-A08,F13,primary
Coder K,TCA5-A08,W10,primary
Coder K,TCA5-A09,B10,primary
Coder K,TCA5-A09,B14,primary
Coder K,TCA5-A09,C10,secondary
Coder K,TCA5-A09,F12,secondary
Coder K,TCA5-A09,F14,secondary
Coder K,TCA5-A09,F15,primary
Coder K,TCA5-A09,F16,primary
Coder K,TCA5-A09,H02,secondary
Coder K,TCA5-A09,W01,secondary
Coder K,TCA5-A09,W06,secondary
Coder K,TCA5-A09,W07,secondary
Coder K,TCA5-A09,W14,secondary
Coder K,TCA5-A09,W15,secondary
Coder K,TCA5-A10,B13,primary
Coder K,TCA5-A10,C10,primary
Coder K,TCA5-A10,F13,primary
Coder K,TCA5-A10,W10,primary
Coder K,TCA5-A11,B02; C14,secondary
Coder K,TCA5-A11,B04,secondary
Coder K,TCA5-A11,B10,primary
Coder K,TCA5-A11,B11,secondary
Coder K,TCA5-A11,B14,primary
Coder K,TCA5-A11,C03,secondary
Coder K,TCA5-A11,C07,primary
Coder K,TCA5-A11,C10,secondary
Coder K,TCA5-A11,F03; C02,secondary
Coder K,TCA5-A11,F04,secondary
Coder K,TCA5-A11,F05,secondary
Coder K,TCA5-A11,F06,secondary
Coder K,TCA5-A11,F10,secondary
Coder K,TCA5-A11,F11; C15,secondary
Coder K,TCA5-A11,F13,primary
Coder K,TCA5-A11,F14,secondary
Coder K,TCA5-A11,F15,secondary
Coder K,TCA5-A11,F16,secondary
Coder K,TCA5-A11,H01,primary
Coder K,TCA5-A11,H02,primary
Coder K,TCA5-A11,H03,secondary
Coder K,TCA5-A11,H04,secondary
Coder K,TCA5-A11,H05,secondary
Coder K,TCA5-A11,H06,secondary
Coder K,TCA5-A11,H09,secondary
Coder K,TCA5-A11,H13,secondary
Coder K,TCA5-A11,H15,secondary
Coder K,TCA5-A11,W01,secondary
Coder K,TCA5-A11,W04,secondary
Coder K,TCA5-A11,W06,secondary
Coder K,TCA5-A11,W14,secondary
Coder K,TCA5-A12,B13,primary
Coder K,TCA5-A12,C10,primary
Coder K,TCA5-A12,F13,primary
Coder K,TCA5-A12,W10,primary
Coder K,TCA5-A13,B03; C11,secondary
Coder K,TCA5-A13,B09,secondary
Coder K,TCA5-A13,B10,primary
Coder K,TCA5-A13,B11,secondary
Coder K,TCA5-A13,B12,secondary
Coder K,TCA5-A13,B13,primary
Coder K,TCA5-A13,C07,secondary
Coder K,TCA5-A13,C10,primary
Coder K,TCA5-A13,F03; C02,secondary
Coder K,TCA5-A13,F10,secondary
Coder K,TCA5-A13,F11; C15,secondary
Coder K,TCA5-A13,F13,primary
Coder K,TCA5-A13,H01,secondary
Coder K,TCA5-A13,H03,secondary
Coder K,TCA5-A13,H13,secondary
Coder K,TCA5-A13,W02,secondary
Coder K,TCA5-A13,W03,secondary
Coder K,TCA5-A13,W04,secondary
Coder K,TCA5-A13,W10,primary
Coder K,TCA5-A13,W13,secondary
Coder K,TCA5-A14,B02; C14,primary
Coder K,TCA5-A14,B03; C11,secondary
Coder K,TCA5-A14,B04,secondary
Coder K,TCA5-A14,B09,primary
Coder K,TCA5-A14,B10,primary
Coder K,TCA5-A14,B11,primary
Coder K,TCA5-A14,B13,primary
Coder K,TCA5-A14,C07,secondary
Coder K,TCA5-A14,C10,primary
Coder K,TCA5-A14,F10,secondary
Coder K,TCA5-A14,F12,secondary
Coder K,TCA5-A14,F13,primary
Coder K,TCA5-A14,F16,secondary
Coder K,TCA5-A14,H09,secondary
Coder K,TCA5-A14,H11,secondary
Coder K,TCA5-A14,H12,secondary
Coder K,TCA5-A14,H14,secondary
Coder K,TCA5-A14,W07,primary
Coder K,TCA5-A15,B01,primary
Coder K,TCA5-A15,B02; C14,primary
Coder K,TCA5-A15,B03; C11,secondary
Coder K,TCA5-A15,B04,primary
Coder K,TCA5-A15,B05,secondary
Coder K,TCA5-A15,B06,secondary
Coder K,TCA5-A15,B07,secondary
Coder K,TCA5-A15,B08,secondary
Coder K,TCA5-A15,B09,primary
Coder K,TCA5-A15,B10,primary
Coder K,TCA5-A15,B13,secondary
Coder K,TCA5-A15,B14,secondary
Coder K,TCA5-A15,C04,secondary
Coder K,TCA5-A15,C12,secondary
Coder K,TCA5-A15,C13,secondary
Coder K,TCA5-A15,F01,secondary
Coder K,TCA5-A15,F10,primary
Coder K,TCA5-A15,F14,secondary
Coder K,TCA5-A15,F15,secondary
Coder K,TCA5-A15,F16,primary
Coder K,TCA5-A15,H08,secondary
Coder K,TCA5-A15,H09,primary
Coder K,TCA5-A15,H10,secondary
Coder K,TCA5-A15,H12,secondary
Coder K,TCA5-A15,W05,secondary
Coder K,TCA5-A15,W07,primary
Coder K,TCA5-A16,B09,secondary
Coder K,TCA5-A16,B10,secondary
Coder K,TCA5-A16,B11,primary
Coder K,TCA5-A16,B12,secondary
Coder K,TCA5-A16,C08,secondary
Coder K,TCA5-A16,C10,primary
Coder K,TCA5-A16,C12,secondary
Coder K,TCA5-A16,F01,secondary
Coder K,TCA5-A16,H11,primary
Coder K,TCA5-A16,H14,primary
Coder K,TCA5-A16,W08,primary
Coder K,TCA5-A17,B10,primary
Coder K,TCA5-A17,B11,secondary
Coder K,TCA5-A17,B14,secondary
Coder K,TCA5-A17,C10,secondary
Coder K,TCA5-A17,F14,primary
Coder K,TCA5-A17,F15,primary
Coder K,TCA5-A17,F16,primary
Coder K,TCA5-A17,W01,secondary
Coder K,TCA5-A17,W07,primary
Coder K,TCA5-A18,B01,secondary
Coder K,TCA5-A18,B03; C11,primary
Coder K,TCA5-A18,B05,secondary
Coder K,TCA5-A18,B06,secondary
Coder K,TCA5-A18,B07,secondary
Coder K,TCA5-A18,B08,primary
Coder K,TCA5-A18,B09,primary
Coder K,TCA5-A18,B14,primary
Coder K,TCA5-A18,C04,secondary
Coder K,TCA5-A18,C07,secondary
Coder K,TCA5-A18,C12,secondary
Coder K,TCA5-A18,C13,secondary
Coder K,TCA5-A18,F02,secondary
Coder K,TCA5-A18,F11; C15,primary
Coder K,TCA5-A18,F12,primary
Coder K,TCA5-A18,F14,primary
Coder K,TCA5-A18,F15,primary
Coder K,TCA5-A18,F16,primary
Coder K,TCA5-A18,H04,secondary
Coder K,TCA5-A18,H05,primary
Coder K,TCA5-A18,H06,secondary
Coder K,TCA5-A18,H08,secondary
Coder K,TCA5-A18,H10,secondary
Coder K,TCA5-A18,H12,primary
Coder K,TCA5-A18,W05,secondary
Coder K,TCA5-A18,W07,primary
Coder K,TCA5-A18,W11,secondary
Coder K,TCA5-A18,W15,secondary
Coder K,TCA5-A19,B01,secondary
Coder K,TCA5-A19,B10,primary
Coder K,TCA5-A19,B14,primary
Coder K,TCA5-A19,F14,primary
Coder K,TCA5-A19,F15,primary
Coder K,TCA5-A19,F16,primary
Coder K,TCA5-A19,H01,secondary
Coder K,TCA5-A19,H02,secondary
Coder K,TCA5-A19,H15,secondary
Coder K,TCA5-A19,W01,primary
Coder K,TCA5-A19,W06,primary
Coder K,TCA5-A19,W07,primary
Coder K,TCA5-A19,W14,primary
Coder K,TCA5-A20,B03; C11,primary
Coder K,TCA5-A20,B11,secondary
Coder K,TCA5-A20,B13,primary
Coder K,TCA5-A20,C03,secondary
Coder K,TCA5-A20,C07,primary
Coder K,TCA5-A20,C10,primary
Coder K,TCA5-A20,F01,primary
Coder K,TCA5-A20,F03; C02,primary
Coder K,TCA5-A20,F04,secondary
Coder K,TCA5-A20,F05,secondary
Coder K,TCA5-A20,F06,secondary
Coder K,TCA5-A20,F07,primary
Coder K,TCA5-A20,F08,primary
Coder K,TCA5-A20,F09,primary
Coder K,TCA5-A20,F10,primary
Coder K,TCA5-A20,F11; C15,primary
Coder K,TCA5-A20,F12,primary
Coder K,TCA5-A20,F13,primary
Coder K,TCA5-A20,F14,primary
Coder K,TCA5-A20,H04,secondary
Coder K,TCA5-A20,H06,primary
Coder K,TCA5-A20,H07,primary
Coder K,TCA5-A20,H12,secondary
Coder K,TCA5-A20,W04,primary
Coder K,TCA5-A20,W05,secondary
Coder K,TCA5-A20,W07,primary
Coder K,TCA5-A20,W11,secondary
Coder K,TCA5-A20,W12,primary
Coder K,TCA5-A20,W15,primary
Coder K,TCA5-A21,B03; C11,secondary
Coder K,TCA5-A21,B04,secondary
Coder K,TCA5-A21,B09,secondary
Coder K,TCA5-A21,B10,primary
Coder K,TCA5-A21,B14,primary
Coder K,TCA5-A21,C07,secondary
Coder K,TCA5-A21,C10,secondary
Coder K,TCA5-A21,F14,primary
Coder K,TCA5-A21,F15,primary
Coder K,TCA5-A21,H04,secondary
Coder K,TCA5-A21,H05,primary
Coder K,TCA5-A21,H11,secondary
Coder K,TCA5-A21,H12,secondary
Coder K,TCA5-A21,H13,secondary
Coder K,TCA5-A21,H14,secondary
Coder K,TCA5-A21,W01,primary
Coder K,TCA5-A21,W06,primary
Coder K,TCA5-A21,W07,primary
Coder K,TCA5-A21,W15,secondary
Coder K,TCA5-A22,B01,secondary
Coder K,TCA5-A22,B03; C11,secondary
Coder K,TCA5-A22,B04,secondary
Coder K,TCA5-A22,B05,secondary
Coder K,TCA5-A22,B06,secondary
Coder K,TCA5-A22,B09,secondary
Coder K,TCA5-A22,B10,primary
Coder K,TCA5-A22,B14,primary
Coder K,TCA5-A22,C04,secondary
Coder K,TCA5-A22,C13,secondary
Coder K,TCA5-A22,F02,secondary
Coder K,TCA5-A22,F14,primary
Coder K,TCA5-A22,F15,primary
Coder K,TCA5-A22,F16,primary
Coder K,TCA5-A22,H02,secondary
Coder K,TCA5-A22,H04,secondary
Coder K,TCA5-A22,H08,secondary
Coder K,TCA5-A22,H10,secondary
Coder K,TCA5-A22,H12,secondary
Coder K,TCA5-A22,H15,secondary
Coder K,TCA5-A22,W01,secondary
Coder K,TCA5-A22,W06,secondary
Coder K,TCA5-A22,W07,primary
Coder K,TCA5-A22,W14,secondary
Coder K,TCA5-A22,W15,secondary
Coder M,TCA5-A01,B01,primary
Coder M,TCA5-A01,F15,secondary
Coder M,TCA5-A02,B10,secondary
Coder M,TCA5-A02,W07,primary
Coder M,TCA5-A03,F14,secondary
Coder M,TCA5-A03,W06,primary
Coder M,TCA5-A04,B03; C11,primary
Coder M,TCA5-A04,B14,secondary
Coder M,TCA5-A05,B09,primary
Coder M,TCA5-A05,B12,secondary
Coder M,TCA5-A06,F04,secondary
Coder M,TCA5-A06,W05,primary
Coder M,TCA5-A07,B02; C14,primary
Coder M,TCA5-A07,C09,secondary
Coder M,TCA5-A07,C10,secondary
Coder M,TCA5-A08,C10,secondary
Coder M,TCA5-A08,F13,primary
Coder M,TCA5-A10,C10,primary
Coder M,TCA5-A10,F13,secondary
Coder M,TCA5-A11,C10,secondary
Coder M,TCA5-A11,F13,primary
Coder M,TCA5-A12,C10,secondary
Coder M,TCA5-A12,F13,primary
Coder M,TCA5-A13,C10,primary
Coder M,TCA5-A13,F13,secondary
Coder M,TCA5-A14,B09,primary
Coder M,TCA5-A14,W02,secondary
Coder M,TCA5-A15,F14,secondary
Coder M,TCA5-A15,W06,primary
Coder M,TCA5-A16,B11,primary
Coder M,TCA5-A18,B14,primary
Coder M,TCA5-A20,F10,primary
Coder M,TCA5-A20,H06,secondary
Coder M,TCA5-A21,B14,primary
Coder N,TCA5-A01,B01,primary
Coder N,TCA5-A01,B03; C11,secondary
Coder N,TCA5-A01,B05,primary
Coder N,TCA5-A01,B08,primary
Coder N,TCA5-A01,B09,secondary
Coder N,TCA5-A01,B10,primary
Coder N,TCA5-A01,B11,secondary
Coder N,TCA5-A01,B14,secondary
Coder N,TCA5-A01,C04,primary
Coder N,TCA5-A01,F01,secondary
Coder N,TCA5-A01,F15,secondary
Coder N,TCA5-A01,F16,secondary
Coder N,TCA5-A01,H04,primary
Coder N,TCA5-A01,H10,secondary
Coder N,TCA5-A01,W05,secondary
Coder N,TCA5-A01,W07,primary
Coder N,TCA5-A02,B01,primary
Coder N,TCA5-A02,B03; C11,secondary
Coder N,TCA5-A02,B04,secondary
Coder N,TCA5-A02,B05,secondary
Coder N,TCA5-A02,B06,secondary
Coder N,TCA5-A02,B07,secondary
Coder N,TCA5-A02,B08,secondary
Coder N,TCA5-A02,B09,primary
Coder N,TCA5-A02,B10,primary
Coder N,TCA5-A02,B11,primary
Coder N,TCA5-A02,B12,primary
Coder N,TCA5-A02,C04,secondary
Coder N,TCA5-A02,C06,secondary
Coder N,TCA5-A02,C07,secondary
Coder N,TCA5-A02,C10,secondary
Coder N,TCA5-A02,C12,secondary
Coder N,TCA5-A02,C13,secondary
Coder N,TCA5-A02,F01,primary
Coder N,TCA5-A02,F13,primary
Coder N,TCA5-A02,F14,secondary
Coder N,TCA5-A02,F16,secondary
Coder N,TCA5-A02,H07,secondary
Coder N,TCA5-A02,H08,secondary
Coder N,TCA5-A02,H09,secondary
Coder N,TCA5-A02,H12,primary
Coder N,TCA5-A02,H14,secondary
Coder N,TCA5-A02,W02,primary
Coder N,TCA5-A02,W07,primary
Coder N,TCA5-A02,W10,primary
Coder N,TCA5-A02,W14,secondary
Coder N,TCA5-A03,B03; C11,secondary
Coder N,TCA5-A03,B11,secondary
Coder N,TCA5-A03,B14,secondary
Coder N,TCA5-A03,C03,secondary
Coder N,TCA5-A03,F03; C02,secondary
Coder N,TCA5-A03,F04,secondary
Coder N,TCA5-A03,F05,secondary
Coder N,TCA5-A03,F06,secondary
Coder N,TCA5-A03,F15,secondary
Coder N,TCA5-A03,H02,secondary
Coder N,TCA5-A03,H05,secondary
Coder N,TCA5-A03,H10,secondary
Coder N,TCA5-A03,H12,secondary
Coder N,TCA5-A03,H15,secondary
Coder N,TCA5-A03,W01,secondary
Coder N,TCA5-A03,W06,secondary
Coder N,TCA5-A04,B03; C11,primary
Coder N,TCA5-A04,B05,primary
Coder N,TCA5-A04,B06,primary
Coder N,TCA5-A04,B07,primary
Coder N,TCA5-A04,B08,primary
Coder N,TCA5-A04,B11,secondary
Coder N,TCA5-A04,B13,secondary
Coder N,TCA5-A04,B14,secondary
Coder N,TCA5-A04,C01,primary
Coder N,TCA5-A04,C03,primary
Coder N,TCA5-A04,C04,primary
Coder N,TCA5-A04,C07,secondary
Coder N,TCA5-A04,C12,primary
Coder N,TCA5-A04,C13,primary
Coder N,TCA5-A04,F02,primary
Coder N,TCA5-A04,F03; C02,primary
Coder N,TCA5-A04,F04,primary
Coder N,TCA5-A04,F05,primary
Coder N,TCA5-A04,F06,primary
Coder N,TCA5-A04,F10,secondary
Coder N,TCA5-A04,F11; C15,secondary
Coder N,TCA5-A04,F14,secondary
Coder N,TCA5-A04,F15,secondary
Coder N,TCA5-A04,F16,secondary
Coder N,TCA5-A04,H04,secondary
Coder N,TCA5-A04,H05,secondary
Coder N,TCA5-A04,H06,primary
Coder N,TCA5-A04,H08,primary
Coder N,TCA5-A04,H15,secondary
Coder N,TCA5-A04,W04,primary
Coder N,TCA5-A04,W05,primary
Coder N,TCA5-A04,W12,secondary
Coder N,TCA5-A05,B01,primary
Coder N,TCA5-A05,B05,primary
Coder N,TCA5-A05,B06,secondary
Coder N,TCA5-A05,B07,secondary
Coder N,TCA5-A05,B08,secondary
Coder N,TCA5-A05,C04,secondary
Coder N,TCA5-A05,C13,secondary
Coder N,TCA5-A05,F01,primary
Coder N,TCA5-A05,F02,secondary
Coder N,TCA5-A05,H08,secondary
Coder N,TCA5-A05,H10,primary
Coder N,TCA5-A06,B01,secondary
Coder N,TCA5-A06,B02; C14,secondary
Coder N,TCA5-A06,B03; C11,secondary
Coder N,TCA5-A06,B04,secondary
Coder N,TCA5-A06,B05,secondary
Coder N,TCA5-A06,B06,secondary
Coder N,TCA5-A06,B07,secondary
Coder N,TCA5-A06,B09,secondary
Coder N,TCA5-A06,B10,secondary
Coder N,TCA5-A06,B11,primary
Coder N,TCA5-A06,B12,secondary
Coder N,TCA5-A06,C01,secondary
Coder N,TCA5-A06,C03,secondary
Coder N,TCA5-A06,C04,secondary
Coder N,TCA5-A06,C05,secondary
Coder N,TCA5-A06,C06,secondary
Coder N,TCA5-A06,C07,secondary
Coder N,TCA5-A06,C08,primary
Coder N,TCA5-A06,C10,secondary
Coder N,TCA5-A06,C12,secondary
Coder N,TCA5-A06,C13,secondary
Coder N,TCA5-A06,F01,secondary
Coder N,TCA5-A06,F02,secondary
Coder N,TCA5-A06,F03; C02,primary
Coder N,TCA5-A06,F04,secondary
Coder N,TCA5-A06,F05,secondary
Coder N,TCA5-A06,F06,secondary
Coder N,TCA5-A06,F07,primary
Coder N,TCA5-A06,F08,primary
Coder N,TCA5-A06,F09,primary
Coder N,TCA5-A06,F10,secondary
Coder N,TCA5-A06,F11; C15,secondary
Coder N,TCA5-A06,F12,secondary
Coder N,TCA5-A06,F13,secondary
Coder N,TCA5-A06,F15,secondary
Coder N,TCA5-A06,F16,primary
Coder N,TCA5-A06,H03,secondary
Coder N,TCA5-A06,H04,secondary
Coder N,TCA5-A06,H06,secondary
Coder N,TCA5-A06,H07,primary
Coder N,TCA5-A06,H08,secondary
Coder N,TCA5-A06,H09,secondary
Coder N,TCA5-A06,H10,secondary
Coder N,TCA5-A06,H11,secondary
Coder N,TCA5-A06,H12,secondary
Coder N,TCA5-A06,H13,secondary
Coder N,TCA5-A06,W02,secondary
Coder N,TCA5-A06,W03,secondary
Coder N,TCA5-A06,W04,secondary
Coder N,TCA5-A06,W05,secondary
Coder N,TCA5-A06,W06,secondary
Coder N,TCA5-A06,W07,secondary
Coder N,TCA5-A06,W08,secondary
Coder N,TCA5-A06,W09,secondary
Coder N,TCA5-A06,W11,secondary
Coder N,TCA5-A06,W12,primary
Coder N,TCA5-A06,W13,secondary
Coder N,TCA5-A06,W15,secondary
Coder N,TCA5-A07,B02; C14,primary
Coder N,TCA5-A07,B03; C11,secondary
Coder N,TCA5-A07,B04,secondary
Coder N,TCA5-A07,B11,secondary
Coder N,TCA5-A07,C03,secondary
Coder N,TCA5-A07,C05,primary
Coder N,TCA5-A07,C06,primary
Coder N,TCA5-A07,C07,secondary
Coder N,TCA5-A07,C08,secondary
Coder N,TCA5-A07,C09,secondary
Coder N,TCA5-A07,C10,primary
Coder N,TCA5-A07,F03; C02,primary
Coder N,TCA5-A07,F04,primary
Coder N,TCA5-A07,F05,primary
Coder N,TCA5-A07,F06,primary
Coder N,TCA5-A07,F07,secondary
Coder N,TCA5-A07,F08,secondary
Coder N,TCA5-A07,F09,primary
Coder N,TCA5-A07,F10,primary
Coder N,TCA5-A07,F12,secondary
Coder N,TCA5-A07,F13,secondary
Coder N,TCA5-A07,H03,secondary
Coder N,TCA5-A07,H06,secondary
Coder N,TCA5-A07,H07,secondary
Coder N,TCA5-A07,H09,secondary
Coder N,TCA5-A07,H11,secondary
Coder N,TCA5-A07,H12,primary
Coder N,TCA5-A07,H13,secondary
Coder N,TCA5-A07,W02,secondary
Coder N,TCA5-A07,W03,secondary
Coder N,TCA5-A07,W04,primary
Coder N,TCA5-A07,W05,secondary
Coder N,TCA5-A07,W06,secondary
Coder N,TCA5-A07,W09,secondary
Coder N,TCA5-A07,W11,secondary
Coder N,TCA5-A07,W12,secondary
Coder N,TCA5-A07,W13,secondary
Coder N,TCA5-A07,W15,secondary
Coder N,TCA5-A08,B11,primary
Coder N,TCA5-A08,B13,primary
Coder N,TCA5-A08,C07,primary
Coder N,TCA5-A08,C10,primary
Coder N,TCA5-A08,F13,primary
Coder N,TCA5-A08,W10,primary
Coder N,TCA5-A09,B01,secondary
Coder N,TCA5-A09,B02; C14,secondary
Coder N,TCA5-A09,B08,secondary
Coder N,TCA5-A09,B10,primary
Coder N,TCA5-A09,B11,primary
Coder N,TCA5-A09,B12,secondary
Coder N,TCA5-A09,B14,secondary
Coder N,TCA5-A09,C10,secondary
Coder N,TCA5-A09,F13,secondary
Coder N,TCA5-A09,F16,secondary
Coder N,TCA5-A09,H12,secondary
Coder N,TCA5-A09,W07,secondary
Coder N,TCA5-A09,W08,secondary
Coder N,TCA5-A09,W15,secondary
Coder N,TCA5-A10,B11,secondary
Coder N,TCA5-A10,B13,primary
Coder N,TCA5-A10,C10,primary
Coder N,TCA5-A10,F13,primary
Coder N,TCA5-A10,W10,primary
Coder N,TCA5-A11,B04,primary
Coder N,TCA5-A11,B09,secondary
Coder N,TCA5-A11,B10,primary
Coder N,TCA5-A11,B11,primary
Coder N,TCA5-A11,B12,secondary
Coder N,TCA5-A11,B13,primary
Coder N,TCA5-A11,B14,primary
Coder N,TCA5-A11,C07,primary
Coder N,TCA5-A11,C08,primary
Coder N,TCA5-A11,C09,secondary
Coder N,TCA5-A11,C10,primary
Coder N,TCA5-A11,F03; C02,secondary
Coder N,TCA5-A11,F07,secondary
Coder N,TCA5-A11,F08,secondary
Coder N,TCA5-A11,F09,primary
Coder N,TCA5-A11,F11; C15,secondary
Coder N,TCA5-A11,F12,secondary
Coder N,TCA5-A11,F13,primary
Coder N,TCA5-A11,F15,primary
Coder N,TCA5-A11,F16,primary
Coder N,TCA5-A11,H01,primary
Coder N,TCA5-A11,H02,primary
Coder N,TCA5-A11,H03,primary
Coder N,TCA5-A11,H04,secondary
Coder N,TCA5-A11,H05,secondary
Coder N,TCA5-A11,H06,secondary
Coder N,TCA5-A11,H07,primary
Coder N,TCA5-A11,H08,secondary
Coder N,TCA5-A11,H10,secondary
Coder N,TCA5-A11,H12,secondary
Coder N,TCA5-A11,H13,secondary
Coder N,TCA5-A11,H14,primary
Coder N,TCA5-A11,H15,secondary
Coder N,TCA5-A11,W02,secondary
Coder N,TCA5-A11,W07,primary
Coder N,TCA5-A11,W08,secondary
Coder N,TCA5-A11,W09,secondary
Coder N,TCA5-A11,W10,secondary
Coder N,TCA5-A11,W12,secondary
Coder N,TCA5-A11,W13,secondary
Coder N,TCA5-A11,W15,secondary
Coder N,TCA5-A12,B11,primary
Coder N,TCA5-A12,B13,primary
Coder N,TCA5-A12,C10,primary
Coder N,TCA5-A12,F13,primary
Coder N,TCA5-A12,W10,primary
Coder N,TCA5-A13,B11,primary
Coder N,TCA5-A13,B13,primary
Coder N,TCA5-A13,C10,primary
Coder N,TCA5-A13,F13,primary
Coder N,TCA5-A13,W10,secondary
Coder N,TCA5-A14,B03; C11,primary
Coder N,TCA5-A14,B04,secondary
Coder N,TCA5-A14,B09,primary
Coder N,TCA5-A14,B10,primary
Coder N,TCA5-A14,B11,primary
Coder N,TCA5-A14,B12,primary
Coder N,TCA5-A14,B13,primary
Coder N,TCA5-A14,C05,primary
Coder N,TCA5-A14,C06,primary
Coder N,TCA5-A14,C07,primary
Coder N,TCA5-A14,C08,secondary
Coder N,TCA5-A14,C10,primary
Coder N,TCA5-A14,C12,primary
Coder N,TCA5-A14,F01,primary
Coder N,TCA5-A14,F03; C02,secondary
Coder N,TCA5-A14,F04,secondary
Coder N,TCA5-A14,F05,secondary
Coder N,TCA5-A14,F06,secondary
Coder N,TCA5-A14,F07,secondary
Coder N,TCA5-A14,F08,secondary
Coder N,TCA5-A14,F09,secondary
Coder N,TCA5-A14,F10,secondary
Coder N,TCA5-A14,F11; C15,secondary
Coder N,TCA5-A14,F12,secondary
Coder N,TCA5-A14,F13,primary
Coder N,TCA5-A14,F16,secondary
Coder N,TCA5-A14,H04,secondary
Coder N,TCA5-A14,H06,secondary
Coder N,TCA5-A14,H07,secondary
Coder N,TCA5-A14,H09,secondary
Coder N,TCA5-A14,H10,secondary
Coder N,TCA5-A14,H13,secondary
Coder N,TCA5-A14,H14,secondary
Coder N,TCA5-A14,W02,secondary
Coder N,TCA5-A14,W07,primary
Coder N,TCA5-A14,W11,secondary
Coder N,TCA5-A14,W12,secondary
Coder N,TCA5-A15,B01,secondary
Coder N,TCA5-A15,B03; C11,secondary
Coder N,TCA5-A15,B04,secondary
Coder N,TCA5-A15,B05,secondary
Coder N,TCA5-A15,B06,secondary
Coder N,TCA5-A15,B07,secondary
Coder N,TCA5-A15,B08,secondary
Coder N,TCA5-A15,B09,secondary
Coder N,TCA5-A15,B10,primary
Coder N,TCA5-A15,B11,secondary
Coder N,TCA5-A15,B12,secondary
Coder N,TCA5-A15,B13,secondary
Coder N,TCA5-A15,B14,primary
Coder N,TCA5-A15,C04,secondary
Coder N,TCA5-A15,C10,secondary
Coder N,TCA5-A15,C12,secondary
Coder N,TCA5-A15,C13,secondary
Coder N,TCA5-A15,F01,secondary
Coder N,TCA5-A15,F03; C02,secondary
Coder N,TCA5-A15,F04,secondary
Coder N,TCA5-A15,F05,secondary
Coder N,TCA5-A15,F06,secondary
Coder N,TCA5-A15,F10,secondary
Coder N,TCA5-A15,F11; C15,secondary
Coder N,TCA5-A15,F14,secondary
Coder N,TCA5-A15,F15,secondary
Coder N,TCA5-A15,F16,primary
Coder N,TCA5-A15,H01,secondary
Coder N,TCA5-A15,H02,secondary
Coder N,TCA5-A15,H08,secondary
Coder N,TCA5-A15,H09,primary
Coder N,TCA5-A15,H10,secondary
Coder N,TCA5-A15,H12,secondary
Coder N,TCA5-A15,H14,secondary
Coder N,TCA5-A15,H15,secondary
Coder N,TCA5-A15,W01,secondary
Coder N,TCA5-A15,W02,secondary
Coder N,TCA5-A15,W06,secondary
Coder N,TCA5-A15,W07,primary
Coder N,TCA5-A15,W08,secondary
Coder N,TCA5-A15,W09,secondary
Coder N,TCA5-A15,W13,secondary
Coder N,TCA5-A15,W14,secondary
Coder N,TCA5-A15,W15,secondary
Coder N,TCA5-A16,B10,primary
Coder N,TCA5-A16,B11,primary
Coder N,TCA5-A16,B13,primary
Coder N,TCA5-A16,B14,secondary
Coder N,TCA5-A16,C05,secondary
Coder N,TCA5-A16,C06,secondary
Coder N,TCA5-A16,C08,secondary
Coder N,TCA5-A16,C10,primary
Coder N,TCA5-A16,F07,secondary
Coder N,TCA5-A16,F08,secondary
Coder N,TCA5-A16,F09,secondary
Coder N,TCA5-A16,F13,secondary
Coder N,TCA5-A16,H07,secondary
Coder N,TCA5-A16,H13,secondary
Coder N,TCA5-A16,H14,secondary
Coder N,TCA5-A16,W07,primary
Coder N,TCA5-A16,W12,secondary
Coder N,TCA5-A17,B04,secondary
Coder N,TCA5-A17,B09,primary
Coder N,TCA5-A17,B11,primary
Coder N,TCA5-A17,B12,primary
Coder N,TCA5-A17,B13,secondary
Coder N,TCA5-A17,B14,primary
Coder N,TCA5-A17,C07,secondary
Coder N,TCA5-A17,C09,secondary
Coder N,TCA5-A17,C10,secondary
Coder N,TCA5-A17,F13,secondary
Coder N,TCA5-A17,H13,secondary
Coder N,TCA5-A17,H14,secondary
Coder N,TCA5-A17,H15,primary
Coder N,TCA5-A18,B02; C14,secondary
Coder N,TCA5-A18,B03; C11,primary
Coder N,TCA5-A18,B04,secondary
Coder N,TCA5-A18,B05,secondary
Coder N,TCA5-A18,B06,secondary
Coder N,TCA5-A18,B07,secondary
Coder N,TCA5-A18,B08,primary
Coder N,TCA5-A18,B09,primary
Coder N,TCA5-A18,B12,secondary
Coder N,TCA5-A18,B14,primary
Coder N,TCA5-A18,C04,secondary
Coder N,TCA5-A18,C07,secondary
Coder N,TCA5-A18,C13,secondary
Coder N,TCA5-A18,F02,secondary
Coder N,TCA5-A18,F11; C15,primary
Coder N,TCA5-A18,F12,secondary
Coder N,TCA5-A18,F14,secondary
Coder N,TCA5-A18,H02,secondary
Coder N,TCA5-A18,H04,secondary
Coder N,TCA5-A18,H05,secondary
Coder N,TCA5-A18,H06,primary
Coder N,TCA5-A18,H08,secondary
Coder N,TCA5-A18,H10,secondary
Coder N,TCA5-A18,H11,secondary
Coder N,TCA5-A18,H12,secondary
Coder N,TCA5-A18,H14,secondary
Coder N,TCA5-A18,H15,primary
Coder N,TCA5-A18,W01,secondary
Coder N,TCA5-A18,W05,secondary
Coder N,TCA5-A18,W11,secondary
Coder N,TCA5-A18,W15,secondary
Coder N,TCA5-A19,B03; C11,primary
Coder N,TCA5-A19,B05,secondary
Coder N,TCA5-A19,B06,secondary
Coder N,TCA5-A19,B07,secondary
Coder N,TCA5-A19,B08,primary
Coder N,TCA5-A19,B09,secondary
Coder N,TCA5-A19,B10,primary
Coder N,TCA5-A19,B11,primary
Coder N,TCA5-A19,B13,secondary
Coder N,TCA5-A19,B14,primary
Coder N,TCA5-A19,C04,secondary
Coder N,TCA5-A19,C13,secondary
Coder N,TCA5-A19,F02,secondary
Coder N,TCA5-A19,F10,primary
Coder N,TCA5-A19,F11; C15,primary
Coder N,TCA5-A19,F13,secondary
Coder N,TCA5-A19,F14,secondary
Coder N,TCA5-A19,F15,primary
Coder N,TCA5-A19,H06,primary
Coder N,TCA5-A19,H08,secondary
Coder N,TCA5-A19,H14,primary
Coder N,TCA5-A19,H15,secondary
Coder N,TCA5-A19,W01,secondary
Coder N,TCA5-A19,W06,secondary
Coder N,TCA5-A19,W07,primary
Coder N,TCA5-A19,W14,secondary
Coder N,TCA5-A20,B03; C11,primary
Coder N,TCA5-A20,B09,secondary
Coder N,TCA5-A20,B11,primary
Coder N,TCA5-A20,B12,secondary
Coder N,TCA5-A20,B14,secondary
Coder N,TCA5-A20,C01,secondary
Coder N,TCA5-A20,C03,secondary
Coder N,TCA5-A20,C05,secondary
Coder N,TCA5-A20,C06,secondary
Coder N,TCA5-A20,C07,primary
Coder N,TCA5-A20,C08,secondary
Coder N,TCA5-A20,C12,primary
Coder N,TCA5-A20,F03; C02,secondary
Coder N,TCA5-A20,F04,secondary
Coder N,TCA5-A20,F05,secondary
Coder N,TCA5-A20,F06,secondary
Coder N,TCA5-A20,F07,secondary
Coder N,TCA5-A20,F08,secondary
Coder N,TCA5-A20,F09,secondary
Coder N,TCA5-A20,F10,primary
Coder N,TCA5-A20,F11; C15,primary
Coder N,TCA5-A20,F12,primary
Coder N,TCA5-A20,F15,primary
Coder N,TCA5-A20,F16,secondary
Coder N,TCA5-A20,H04,secondary
Coder N,TCA5-A20,H05,secondary
Coder N,TCA5-A20,H06,primary
Coder N,TCA5-A20,H07,secondary
Coder N,TCA5-A20,W04,primary
Coder N,TCA5-A20,W05,primary
Coder N,TCA5-A20,W11,secondary
Coder N,TCA5-A20,W12,secondary
Coder N,TCA5-A21,B03; C11,secondary
Coder N,TCA5-A21,B09,secondary
Coder N,TCA5-A21,B14,primary
Coder N,TCA5-A21,C10,secondary
Coder N,TCA5-A21,F14,secondary
Coder N,TCA5-A21,F15,primary
Coder N,TCA5-A21,H13,secondary
Coder N,TCA5-A21,H14,secondary
Coder N,TCA5-A21,H15,primary
Coder N,TCA5-A21,W01,primary
Coder N,TCA5-A21,W14,secondary
Coder N,TCA5-A22,B01,secondary
Coder N,TCA5-A22,B02; C14,secondary
Coder N,TCA5-A22,B03; C11,primary
Coder N,TCA5-A22,B04,secondary
Coder N,TCA5-A22,B09,secondary
Coder N,TCA5-A22,B10,secondary
Coder N,TCA5-A22,B11,secondary
Coder N,TCA5-A22,B12,secondary
Coder N,TCA5-A22,B14,primary
Coder N,TCA5-A22,C12,secondary
Coder N,TCA5-A22,F15,primary
Coder N,TCA5-A22,F16,secondary
Coder N,TCA5-A22,H02,secondary
Coder N,TCA5-A22,H13,secondary
Coder N,TCA5-A22,H14,secondary
Coder N,TCA5-A22,H15,secondary
Coder N,TCA5-A22,W01,primary
Coder N,TCA5-A22,W07,secondary
Coder N,TCA5-A22,W08,secondary
Coder N,TCA5-A22,W15,secondary
