id,strategy,action
TCA5-A01,Strategy 1: Conserving and regenerating places of value to nature and people,Action 1.1: Recognizing and conserving the “territories of life” – Indigenous Peoples and local communities are custodians of vital biocultural heritages
TCA5-A02,Strategy 1: Conserving and regenerating places of value to nature and people,"Action 1.2: Enhancing legal protection for biodiversity through protecting human rights, recognizing nature’s rights and preventing ecocide"
TCA5-A03,Strategy 1: Conserving and regenerating places of value to nature and people,Action 1.3: Basing conservation on diverse values of nature to achieve inclusive biodiversity protection
TCA5-A04,Strategy 1: Conserving and regenerating places of value to nature and people,"Action 1.4: Shifting extractive land-use systems to regenerative views, structures and practices that restore biocultural diversity"
TCA5-A05,Strategy 1: Conserving and regenerating places of value to nature and people,Action 1.5: Advancing integrated spatial planning based on diverse biocultural and regenerative values
TCA5-A06,Strategy 2: Driving systemic change in the sectors most responsible for biodiversity loss and nature’s decline,Action 2.1: Regulating direct exploitation of organisms
TCA5-A07,Strategy 2: Driving systemic change in the sectors most responsible for biodiversity loss and nature’s decline,Action 2.2: Embedding technology in transformative frameworks
TCA5-A08,Strategy 2: Driving systemic change in the sectors most responsible for biodiversity loss and nature’s decline,Action 2.3: Financing for global sustainability
TCA5-A09,Strategy 2: Driving systemic change in the sectors most responsible for biodiversity loss and nature’s decline,Action 2.4: Supporting civil society initiatives
TCA5-A10,Strategy 3: Transforming economic systems for nature and equity,Action 3.1: Mainstreaming innovative economic tools
TCA5-A11,Strategy 3: Transforming economic systems for nature and equity,Action 3.2: Supporting just transitions towards good quality of life
TCA5-A12,Strategy 3: Transforming economic systems for nature and equity,Action 3.3: Reforming financial systems and institutions
TCA5-A13,Strategy 3: Transforming economic systems for nature and equity,"Action 3.4: Adopting metrics of success that focus on social, economic, cultural and environmental goals"
TCA5-A14,"Strategy 4: Transforming governance systems to be integrated, inclusive, accountable and adaptive",Action 4.1: Strengthening biodiversity-related values in integrated governance across sectors
TCA5-A15,"Strategy 4: Transforming governance systems to be integrated, inclusive, accountable and adaptive",Action 4.2: Engaging diverse actors in inclusive governance to increase responsibility to act on biodiversity
TCA5-A16,"Strategy 4: Transforming governance systems to be integrated, inclusive, accountable and adaptive",Action 4.3: Securing collaboration and accountability through multilateral governance to address global interdependencies
TCA5-A17,"Strategy 4: Transforming governance systems to be integrated, inclusive, accountable and adaptive","Action 4.4: Strengthening learning through informed, accountable and adaptive governance based on diverse knowledge systems"
TCA5-A18,Strategy 5: Shifting societal views and values to recognize and prioritize fundamental interconnections between humans and nature,Action 5.1: Increasing nature connectedness and recognition of human-nature interdependencies in complex webs of life
TCA5-A19,Strategy 5: Shifting societal views and values to recognize and prioritize fundamental interconnections between humans and nature,Action 5.2: Shifting culture through new narratives
TCA5-A20,Strategy 5: Shifting societal views and values to recognize and prioritize fundamental interconnections between humans and nature,Action 5.3: Changing social norms regarding production and consumption
TCA5-A21,Strategy 5: Shifting societal views and values to recognize and prioritize fundamental interconnections between humans and nature,Action 5.4: Facilitating transformative learning processes and spaces that foster nature-inclusive thinking and acting
TCA5-A22,Strategy 5: Shifting societal views and values to recognize and prioritize fundamental interconnections between humans and nature,Action 5.5: Co-creating knowledge and weaving diverse knowledge systems
